[
	{
		"id": 1,
		"image": "./source/assets/products/1.png",
		"name": "SABONETE FACIAL AVENE PELE MISTA A OLEOSA E SENSIVEL",
		"adress": "https://www.youtube.com"
	},
	{
		"id": 2,
		"image": "./source/assets/products/2.png",
		"name": "SABONETE FACIAL DARROW PELE OLEOSA E ACNEICA",
		"adress": ""
	},
	{
		"id": 3,
		"image": "./source/assets/products/3.png",
		"name": "SABONETE FACIAL LA ROCHE-POSAY PELE OLEOSA E ACNEICA",
		"adress": ""
	},
	{
		"id": 4,
		"image": "./source/assets/products/4.png",
		"name": "SABONETE FACIAL LA ROCHE-POSAY PELE OLEOSA E SENSIVEL",
		"adress": ""
	},
	{
		"id": 5,
		"image": "./source/assets/products/5.png",
		"name": "SABONETE FACIAL CETAPHIL PELE OLEOSA",
		"adress": ""
	},
	{
		"id": 6,
		"image": "./source/assets/products/6.png",
		"name": "SABONETE FACIAL PRINCIPIA PELE MISTA A OLEOSA",
		"adress": ""
	},
	{
		"id": 7,
		"image": "./source/assets/products/7.png",
		"name": "SABONETE FACIAL SALLVE PELE MISTA A OLEOSA",
		"adress": ""
	},
	{
		"id": 8,
		"image": "./source/assets/products/8.png",
		"name": "SABONETE FACIAL BIODERMA PELE SENSIVEL",
		"adress": ""
	},
	{
		"id": 9,
		"image": "./source/assets/products/9.png",
		"name": "SABONETE FACIAL CRAMY PELE MISTA A OLEOSA",
		"adress": ""
	},
	{
		"id": 10,
		"image": "./source/assets/products/10.png",
		"name": "SABONETE FACIAL CREAMY PELE SECA A NORMAL",
		"adress": ""
	},
	{
		"id": 11,
		"image": "./source/assets/products/11.png",
		"name": "SABONETE FACIAL CRAMY TODOS OS TIPOS DE PELE",
		"adress": ""
	},
	{
		"id": 12,
		"image": "./source/assets/products/12.png",
		"name": "SABONETE FACIAL BIORE PELE SECA E SENSIVEL",
		"adress": ""
	},
	{
		"id": 13,
		"image": "./source/assets/products/13.png",
		"name": "SABONETE FACIAL CERAVE PELE ACNEICA E OLEOSA",
		"adress": ""
	},
	{
		"id": 14,
		"image": "./source/assets/products/14.png",
		"name": "SABONETE FACIAL CERAVE PELE SECA A NORMAL",
		"adress": ""
	},
	{
		"id": 15,
		"image": "./source/assets/products/15.png",
		"name": "SABONETE FACIAL NEUTROGENA TODOS OS TIPOS DE PELE",
		"adress": ""
	},
	{
		"id": 16,
		"image": "./source/assets/products/16.png",
		"name": "SABONETE FACIAL NEEDS PELE SECA A NORMAL",
		"adress": ""
	},
	{
		"id": 17,
		"image": "./source/assets/products/17.png",
		"name": "HIDRATANTE FACIAL CERAVE PELE NORMAL A SECA",
		"adress": ""
	},
	{
		"id": 18,
		"image": "./source/assets/products/18.png",
		"name": "HIDRATANTE FACIAL NETROGENA PELE NORMAL A OLEOSA ",
		"adress": ""
	},
	{
		"id": 19,
		"image": "./source/assets/products/19.png",
		"name": "HIDRATANTE FACIAL CREAMY TODOS OS TIPOS DE PELE ESPECIALMENTE SENSIVEIS",
		"adress": ""
	},
	{
		"id": 20,
		"image": "./source/assets/products/20.png",
		"name": "HIDRATANTE FACIAL CREAMY PELE OLEOSA",
		"adress": ""
	},
	{
		"id": 21,
		"image": "./source/assets/products/21.png",
		"name": "HIDRATANTE FACIAL LA ROCHE-POSAY PELE SECA E SENSIVEL",
		"adress": ""
	},
	{
		"id": 22,
		"image": "./source/assets/products/22.png",
		"name": "HIDRATANTE FACIAL DERMOTIVIN PELE ACNEICA",
		"adress": ""
	},
	{
		"id": 23,
		"image": "./source/assets/products/23.png",
		"name": "HIDRATANTE FACIAL PRINCIPIA PELE SENSIVEL",
		"adress": ""
	},
	{
		"id": 24,
		"image": "./source/assets/products/24.png",
		"name": "HIDRATANTE FACIAL MANTECORP TODOS OS TIPOS DE PELE ESPECIALMENTE SENSIVEIS",
		"adress": ""
	},
	{
		"id": 25,
		"image": "./source/assets/products/25.png",
		"name": "HIDRATANTE FACIAL BIODERMA PELE SECA A NORMAL E SENSIVEL",
		"adress": ""
	},
	{
		"id": 26,
		"image": "./source/assets/products/26.png",
		"name": "HIDRATANTE FACIAL BIODERMA PELE SENSIVEL",
		"adress": ""
	},
	{
		"id": 27,
		"image": "./source/assets/products/27.png",
		"name": "PROTETOR SOLAR FILTRUM ULTRA SECOPELE OLEOSA",
		"adress": ""
	},
	{
		"id": 28,
		"image": "./source/assets/products/28.png",
		"name": "PROTETOR SOLAR DERMAGETODOS OS TIPOS DE PELE",
		"adress": ""
	},
	{
		"id": 29,
		"image": "./source/assets/products/29.png",
		"name": "PROTETOR SOLAR LA ROCHE-POSAY TODOS OS TIPOS DE PELE",
		"adress": ""
	},
	{
		"id": 30,
		"image": "./source/assets/products/30.png",
		"name": "PROTETOR SOLAR LA ROCHE-POSAY TODOS OS TIPOS DE PELE",
		"adress": ""
	},
	{
		"id": 31,
		"image": "./source/assets/products/31.png",
		"name": "PROTETOR SOLAR NETROGENA PELE MISTA A OLEOSA",
		"adress": ""
	},
	{
		"id": 32,
		"image": "./source/assets/products/32.png",
		"name": "PROTETOR SOLAR SKIN AQUA TODOS OS TIPOS DE PELE",
		"adress": ""
	},
	{
		"id": 33,
		"image": "./source/assets/products/33.png",
		"name": "PROTETOR SOLAR PRINCIPIA PELE OLEOSA",
		"adress": ""
	},
	{
		"id": 34,
		"image": "./source/assets/products/34.png",
		"name": "PROTETOR SOLAR ADCOSTODOS OS TIPOS DE PELE",
		"adress": ""
	},
	{
		"id": 35,
		"image": "./source/assets/products/35.png",
		"name": "PROTETOR SOLAR DERMAGE PELE SENSIVEL",
		"adress": ""
	},
	{
		"id": 36,
		"image": "./source/assets/products/36.png",
		"name": "PROTETOR SOLAR ISDIN PELE NORMAL A OLEOSA",
		"adress": ""
	},
	{
		"id": 37,
		"image": "./source/assets/products/37.png",
		"name": "ACIDO MANDELICO CREAMY",
		"adress": ""
	},
	{
		"id": 38,
		"image": "./source/assets/products/38.png",
		"name": "VITAMINA C CREAMY",
		"adress": ""
	},
	{
		"id": 39,
		"image": "./source/assets/products/39.png",
		"name": "COMPLEXO DE VITAMINA B CEAMY",
		"adress": ""
	},
	{
		"id": 40,
		"image": "./source/assets/products/40.png",
		"name": "NIACINAMIDA SIMPLE ORGANIC",
		"adress": ""
	},
	{
		"id": 41,
		"image": "./source/assets/products/41.png",
		"name": "RETINOL SALLVE",
		"adress": ""
	},
	{
		"id": 42,
		"image": "./source/assets/products/42.png",
		"name": "NIACINAMIDA PRINCIPIA",
		"adress": ""
	},
	{
		"id": 43,
		"image": "./source/assets/products/43.png",
		"name": "LIFTACTIV VICHY",
		"adress": ""
	},
	{
		"id": 44,
		"image": "./source/assets/products/44.png",
		"name": "ANTI-PIGMENT DUAL SERUM THIAMIDOL PATENDEADO EUCERIN ",
		"adress": ""
	},
	{
		"id": 45,
		"image": "./source/assets/products/45.png",
		"name": "HIDRATANTE CORPORAL CERAVE PELE SECA",
		"adress": ""
	},
	{
		"id": 46,
		"image": "./source/assets/products/46.png",
		"name": "HIDRATANTE CORPORAL CETAPHIL PELE NORMAL A SECA",
		"adress": ""
	},
	{
		"id": 47,
		"image": "./source/assets/products/47.png",
		"name": "HIDRATANTE CORPORAL NEUTROGENA PELE SECA",
		"adress": ""
	},
	{
		"id": 48,
		"image": "./source/assets/products/48.png",
		"name": "HIDRATANTE CORPORAL NIVEA PELE SECA",
		"adress": ""
	},
	{
		"id": 49,
		"image": "./source/assets/products/49.png",
		"name": "HIDRATANTE CORPORAL FISIOGEL PELE SECA",
		"adress": ""
	},
	{
		"id": 50,
		"image": "./source/assets/products/50.png",
		"name": "HIDRATANTE CORPORAL FISIOGEL PELE SECA E SENSIVEL",
		"adress": ""
	},
	{
		"id": 51,
		"image": "./source/assets/products/51.png",
		"name": "HIDRATANTE CORPORAL BEPANTOL PELE SECA",
		"adress": ""
	},
	{
		"id": 52,
		"image": "./source/assets/products/52.png",
		"name": "HIDRATANTE CORPORAL DOVE TODOS OS TIPOS DE PELE",
		"adress": ""
	}
]
